zpid,address,city,state,zip,latitude,longitude,price,sqft,bedrooms,bathrooms,days_on_zillow,sale_type,url
89202040,1379 S 960 W,Provo,UT,84601,40.215641,-111.675209,315999,2726.0,5.0,2.0,NA,House For Sale,http://www.zillow.com/homes/for_sale//homedetails/1379-S-960-W-Provo-UT-84601/89202040_zpid/
11914070,1498 Lancelot Dr,Provo,UT,84601,40.242654,-111.684833,100000,1100.0,2.0,1.5,NA,Condo For Sale,http://www.zillow.com/homes/for_sale//homedetails/1498-Lancelot-Dr-Provo-UT-84601/11914070_zpid/
2098874110,570 W 1578 S # 2C8JHV,Provo,UT,84601,40.2125,-111.6693,329990,3237.0,3.0,2.0,NA,New Construction,"http://www.zillow.com/homes/for_sale/2098874110_zpid/any_days/globalrelevanceex_sort/29.759534,-95.335321,29.675003,-95.502863_rect/12_zm/"
2098874108,570 W 1578 S # ICDRMS,Provo,UT,84601,40.2125,-111.6693,352990,3249.0,3.0,2.5,NA,New Construction,"http://www.zillow.com/homes/for_sale/2098874108_zpid/any_days/globalrelevanceex_sort/29.759534,-95.335321,29.675003,-95.502863_rect/12_zm/"
2098874113,570 W 1578 S # 5Q4I45,Provo,UT,84601,40.2125,-111.6693,362990,3733.0,4.0,2.5,NA,New Construction,"http://www.zillow.com/homes/for_sale/2098874113_zpid/any_days/globalrelevanceex_sort/29.759534,-95.335321,29.675003,-95.502863_rect/12_zm/"
2098874109,570 W 1578 S # JWCMTS,Provo,UT,84601,40.2125,-111.6693,334990,2782.0,3.0,2.5,NA,New Construction,"http://www.zillow.com/homes/for_sale/2098874109_zpid/any_days/globalrelevanceex_sort/29.759534,-95.335321,29.675003,-95.502863_rect/12_zm/"
11888125,80 N 900 W,Provo,UT,84601,40.234793,-111.674141,265000,2088.0,5.0,3.0,NA,Make Me Move速,http://www.zillow.com/homes/for_sale//homedetails/80-N-900-W-Provo-UT-84601/11888125_zpid/
11956824,1716 W 150 N,Provo,UT,84601,40.236027,-111.689319,180000,747.0,2.0,1.0,NA,House For Sale,http://www.zillow.com/homes/for_sale//homedetails/1716-W-150-N-Provo-UT-84601/11956824_zpid/
2092592347,1033 W 770 S,Provo,UT,84601,40.22328,-111.67624,315000,2100.0,4.0,2.0,NA,For Sale by Owner,http://www.zillow.com/homes/for_sale//homedetails/1033-W-770-S-Provo-UT-84601/2092592347_zpid/
11887844,461 W 200 S,Provo,UT,84601,40.23066,-111.666771,250000,2025.0,4.0,2.0,NA,House For Sale,http://www.zillow.com/homes/for_sale//homedetails/461-W-200-S-Provo-UT-84601/11887844_zpid/
53164876,2434 W 180 S,Provo,UT,84601,40.23177,-111.701463,289900,2006.0,3.0,3.0,NA,House For Sale,http://www.zillow.com/homes/for_sale//homedetails/2434-W-180-S-Provo-UT-84601/53164876_zpid/
11944351,233 N 2250 W,Provo,UT,84601,40.236444,-111.697856,295000,3020.0,5.0,2.5,NA,House For Sale,http://www.zillow.com/homes/for_sale//homedetails/233-N-2250-W-Provo-UT-84601/11944351_zpid/
11937213,2419 W 960 N,Provo,UT,84601,40.246184,-111.701515,295000,1914.0,3.0,2.0,NA,House For Sale,http://www.zillow.com/homes/for_sale//homedetails/2419-W-960-N-Provo-UT-84601/11937213_zpid/
11931940,341 W 1570 S,Provo,UT,84601,40.212585,-111.664635,239000,1360.0,3.0,2.0,NA,House For Sale,http://www.zillow.com/homes/for_sale//homedetails/341-W-1570-S-Provo-UT-84601/11931940_zpid/
55717924,1235 N 3020 W,Provo,UT,84601,40.250414,-111.712313,360000,2235.0,0.0,NA,NA,House For Sale,http://www.zillow.com/homes/for_sale//homedetails/1235-N-3020-W-Provo-UT-84601/55717924_zpid/
2098874112,570 W 1578 S # DBZDGW,Provo,UT,84601,40.2125,-111.6693,331990,3495.0,3.0,2.0,NA,New Construction,"http://www.zillow.com/homes/for_sale/2098874112_zpid/any_days/globalrelevanceex_sort/29.759534,-95.335321,29.675003,-95.502863_rect/12_zm/"
2098874115,570 W 1578 S # 4H9V7K,Provo,UT,84601,40.2125,-111.6693,322990,3085.0,3.0,2.0,NA,New Construction,"http://www.zillow.com/homes/for_sale/2098874115_zpid/any_days/globalrelevanceex_sort/29.759534,-95.335321,29.675003,-95.502863_rect/12_zm/"
2097501292,570 W 1578 S # FHA2ID,Provo,UT,84601,40.2125,-111.6693,342990,3000.0,3.0,2.5,NA,New Construction,"http://www.zillow.com/homes/for_sale/2097501292_zpid/any_days/globalrelevanceex_sort/29.759534,-95.335321,29.675003,-95.502863_rect/12_zm/"
11934572,1905 W 100 S,Provo,UT,84601,40.232232,-111.692391,199000,1225.0,3.0,1.0,NA,House For Sale,http://www.zillow.com/homes/for_sale//homedetails/1905-W-100-S-Provo-UT-84601/11934572_zpid/
11914064,1485 Arthur Dr,Provo,UT,84601,40.243213,-111.684566,95000,1100.0,2.0,2.0,NA,Condo For Sale,http://www.zillow.com/homes/for_sale//homedetails/1485-Arthur-Dr-Provo-UT-84601/11914064_zpid/
11887703,393 W 300 S,Provo,UT,84601,40.229471,-111.665408,219900,1395.0,4.0,4.0,NA,House For Sale,http://www.zillow.com/homes/for_sale//homedetails/393-W-300-S-Provo-UT-84601/11887703_zpid/
11927138,475 S 400 W # C-1,Provo,UT,84601,40.227635,-111.664909,129900,1100.0,3.0,1.0,NA,Condo For Sale,http://www.zillow.com/homes/for_sale//homedetails/475-S-400-W-C-1-Provo-UT-84601/11927138_zpid/
11917554,18 S 2370 W,Provo,UT,84601,40.233634,-111.700538,309400,2112.0,4.0,3.0,NA,House For Sale,http://www.zillow.com/homes/for_sale//homedetails/18-S-2370-W-Provo-UT-84601/11917554_zpid/
11888399,579 W 400 N,Provo,UT,84601,40.238854,-111.668826,218500,1333.0,3.0,1.0,NA,House For Sale,http://www.zillow.com/homes/for_sale//homedetails/579-W-400-N-Provo-UT-84601/11888399_zpid/
2092744424,432 S Tri Terra W Ln,Provo,UT,84601,40.2331,-111.6841,184700,1065.0,2.0,2.0,NA,New Construction,http://www.zillow.com/homes/for_sale//homedetails/432-S-Tri-Terra-W-Ln-Provo-UT-84601/2092744424_zpid/
11902628,1010 S 500 W,Provo,UT,84601,40.220346,-111.667736,199800,1305.0,2.0,3.0,NA,New Construction,http://www.zillow.com/homes/for_sale//homedetails/1010-S-500-W-Provo-UT-84601/11902628_zpid/
2092832356,550 N 970 W,Provo,UT,84601,40.24226,-111.67559,252000,1032.0,1.0,1.0,NA,For Sale by Owner,http://www.zillow.com/homes/for_sale//homedetails/550-N-970-W-Provo-UT-84601/2092832356_zpid/
2092833080,239 S 1600 W St,Provo,UT,84601,40.230501,-111.686732,279000,1799.0,3.0,2.5,NA,House For Sale,http://www.zillow.com/homes/for_sale//homedetails/239-S-1600-W-St-Provo-UT-84601/2092833080_zpid/
2092658872,658 W 1720 S,Provo,UT,84601,40.2108,-111.66806,337890,1539.0,3.0,2.0,NA,New Construction,http://www.zillow.com/homes/for_sale//homedetails/658-W-1720-S-Provo-UT-84601/2092658872_zpid/
2092658881,1734 S 620 W,Provo,UT,84601,40.21294,-111.66964,344145,1841.0,3.0,3.0,NA,New Construction,http://www.zillow.com/homes/for_sale//homedetails/1734-S-620-W-Provo-UT-84601/2092658881_zpid/
2092658878,1799 S 680 W,Provo,UT,84601,40.21583,-111.67065,341190,1841.0,4.0,4.0,NA,New Construction,http://www.zillow.com/homes/for_sale//homedetails/1799-S-680-W-Provo-UT-84601/2092658878_zpid/
2092658880,1736 S 680 W,Provo,UT,84601,40.21583,-111.67065,378635,2166.0,3.0,3.0,NA,New Construction,http://www.zillow.com/homes/for_sale//homedetails/1736-S-680-W-Provo-UT-84601/2092658880_zpid/
2092744688,460 S Tri Terra W Ln,Provo,UT,84601,40.2331,-111.6841,210900,1305.0,2.0,3.0,NA,New Construction,http://www.zillow.com/homes/for_sale//homedetails/460-S-Tri-Terra-W-Ln-Provo-UT-84601/2092744688_zpid/
2092646806,428 S Tri Terra W Ln,Provo,UT,84601,40.2331,-111.6841,210900,1307.0,2.0,3.0,NA,New Construction,http://www.zillow.com/homes/for_sale//homedetails/428-S-Tri-Terra-W-Ln-Provo-UT-84601/2092646806_zpid/
11944361,190 N 2200 W,Provo,UT,84601,40.235786,-111.696378,351000,2674.0,6.0,2.0,NA,House For Sale,http://www.zillow.com/homes/for_sale//homedetails/190-N-2200-W-Provo-UT-84601/11944361_zpid/
2092882757,2375 W 1160 N,Provo,UT,84601,40.2427,-111.685,399900,2318.0,3.0,2.0,NA,Apartment For Sale,http://www.zillow.com/homes/for_sale//homedetails/2375-W-1160-N-Provo-UT-84601/2092882757_zpid/
2093228461,255 N 1600 W TRLR 76,Provo,UT,84601,40.237252,-111.690167,47900,1096.0,3.0,2.0,NA,Home For Sale,http://www.zillow.com/homes/for_sale//homedetails/255-N-1600-W-TRLR-76-Provo-UT-84601/2093228461_zpid/
2093381441,2022 W 450 N,Provo,UT,84601,40.239342,-111.694153,135000,1488.0,3.0,1.75,NA,House For Sale,http://www.zillow.com/homes/for_sale//homedetails/2022-W-450-N-Provo-UT-84601/2093381441_zpid/
11944366,2175 W 300 N,Provo,UT,84601,40.236965,-111.696376,217900,2548.0,4.0,2.0,NA,Foreclosure,http://www.zillow.com/homes/for_sale//homedetails/2175-W-300-N-Provo-UT-84601/11944366_zpid/
11937323,2865 W 820 N,Provo,UT,84601,40.244614,-111.70967,267500,1770.0,4.0,2.0,NA,House For Sale,http://www.zillow.com/homes/for_sale//homedetails/2865-W-820-N-Provo-UT-84601/11937323_zpid/
11887929,146 S 400 W,Provo,UT,84601,40.231776,-111.66618,207000,2215.0,4.0,2.0,NA,Foreclosed,http://www.zillow.com/homes/for_sale//homedetails/146-S-400-W-Provo-UT-84601/11887929_zpid/
11914721,761 W 600 S APT 4,Provo,UT,84601,40.225097,-111.671882,76900,603.0,1.0,1.0,NA,Condo For Sale,http://www.zillow.com/homes/for_sale//homedetails/761-W-600-S-APT-4-Provo-UT-84601/11914721_zpid/
11928499,1712 W 270 S,Provo,UT,84601,40.230031,-111.689226,338000,2760.0,4.0,3.0,NA,House For Sale,http://www.zillow.com/homes/for_sale//homedetails/1712-W-270-S-Provo-UT-84601/11928499_zpid/
11937049,617 S 500 W APT 23,Provo,UT,84601,40.225568,-111.666377,148900,1004.0,3.0,1.75,NA,Condo For Sale,http://www.zillow.com/homes/for_sale//homedetails/617-S-500-W-APT-23-Provo-UT-84601/11937049_zpid/
11918809,348 S 2430 W,Provo,UT,84601,40.229044,-111.701975,192000,1104.0,3.0,2.0,NA,Foreclosed,http://www.zillow.com/homes/for_sale//homedetails/348-S-2430-W-Provo-UT-84601/11918809_zpid/
11888205,876 W 100 N,Provo,UT,84601,40.235474,-111.673989,185000,1308.0,4.0,1.0,NA,House For Sale,http://www.zillow.com/homes/for_sale//homedetails/876-W-100-N-Provo-UT-84601/11888205_zpid/
11936193,361 N 300 W APT 303,Provo,UT,84601,40.238485,-111.664562,105000,880.0,2.0,1.0,NA,Foreclosed,http://www.zillow.com/homes/for_sale//homedetails/361-N-300-W-APT-303-Provo-UT-84601/11936193_zpid/
2093336457,622 W 1720 S,Provo,UT,84601,40.2108,-111.66806,364990,2166.0,4.0,3.5,NA,New Construction,http://www.zillow.com/homes/for_sale//homedetails/622-W-1720-S-Provo-UT-84601/2093336457_zpid/
11887877,256 W 300 S,Provo,UT,84601,40.230086,-111.66318,214000,1924.0,4.0,2.0,NA,House For Sale,http://www.zillow.com/homes/for_sale//homedetails/256-W-300-S-Provo-UT-84601/11887877_zpid/
11888415,372 N 500 W,Provo,UT,84601,40.23869,-111.667036,339000,2100.0,5.0,2.0,NA,Apartment For Sale,http://www.zillow.com/homes/for_sale//homedetails/372-N-500-W-Provo-UT-84601/11888415_zpid/
11888415,372 N 500 W,Provo,UT,84601,40.23869,-111.667036,339000,2100.0,5.0,2.0,NA,Apartment For Sale,http://www.zillow.com/homes/for_sale//homedetails/372-N-500-W-Provo-UT-84601/11888415_zpid/
11937411,3037 W 880 N,Provo,UT,84601,40.245274,-111.712592,269900,1700.0,4.0,2.0,NA,House For Sale,http://www.zillow.com/homes/for_sale//homedetails/3037-W-880-N-Provo-UT-84601/11937411_zpid/
11914722,761 W 600 S APT 5,Provo,UT,84601,40.225041,-111.671882,76900,603.0,1.0,1.0,NA,Condo For Sale,http://www.zillow.com/homes/for_sale//homedetails/761-W-600-S-APT-5-Provo-UT-84601/11914722_zpid/
11888414,487 W 400 N,Provo,UT,84601,40.238802,-111.666768,244500,1496.0,4.0,2.0,NA,House For Sale,http://www.zillow.com/homes/for_sale//homedetails/487-W-400-N-Provo-UT-84601/11888414_zpid/
11914006,1433 Arthur Dr,Provo,UT,84601,40.24364,-111.68327,114999,976.0,2.0,2.0,NA,For Sale by Owner,http://www.zillow.com/homes/for_sale//homedetails/1433-Arthur-Dr-Provo-UT-84601/11914006_zpid/
11927140,475 S 400 W APT C3,Provo,UT,84601,40.227658,-111.664775,138900,1100.0,3.0,1.0,NA,Condo For Sale,http://www.zillow.com/homes/for_sale//homedetails/475-S-400-W-APT-C3-Provo-UT-84601/11927140_zpid/
2092949117,33 N 2250 W,Provo,UT,84601,40.234128,-111.698445,389900,3201.0,4.0,2.5,NA,House For Sale,http://www.zillow.com/homes/for_sale//homedetails/33-N-2250-W-Provo-UT-84601/2092949117_zpid/
11888128,85 N 800 W,Provo,UT,84601,40.234836,-111.673063,305000,2097.0,4.0,2.0,NA,For Sale by Owner,http://www.zillow.com/homes/for_sale//homedetails/85-N-800-W-Provo-UT-84601/11888128_zpid/
117643562,444 W Mcclellan Ct,Provo,UT,84601,40.222051,-111.666423,495000,1121.0,NA,NA,NA,Lot/Land For Sale,http://www.zillow.com/homes/for_sale//homedetails/444-W-Mcclellan-Ct-Provo-UT-84601/117643562_zpid/
11944866,211 N 2475 W,Provo,UT,84601,40.2362,-111.702701,259900,1560.0,3.0,2.0,NA,House For Sale,http://www.zillow.com/homes/for_sale//homedetails/211-N-2475-W-Provo-UT-84601/11944866_zpid/
2093336462,1757 S 620 W,Provo,UT,84601,40.21294,-111.66964,339990,1665.0,3.0,2.0,NA,New Construction,http://www.zillow.com/homes/for_sale//homedetails/1757-S-620-W-Provo-UT-84601/2093336462_zpid/
2095934462,2621 W 430 N,Provo,UT,84601,40.239971,-111.704849,93900,NA,NA,NA,NA,Lot/Land For Sale,http://www.zillow.com/homes/for_sale//homedetails/2621-W-430-N-Provo-UT-84601/2095934462_zpid/
2093907866,2397 W 1160 N,Provo,UT,84601,40.2331,-111.6842,369900,2006.0,2.0,2.0,NA,Apartment For Sale,http://www.zillow.com/homes/for_sale//homedetails/2397-W-1160-N-Provo-UT-84601/2093907866_zpid/
79771998,1136 W 100 N,Provo,UT,84601,40.235445,-111.678463,299900,3850.0,8.0,3.0,NA,Apartment For Sale,http://www.zillow.com/homes/for_sale//homedetails/1136-W-100-N-Provo-UT-84601/79771998_zpid/
11914726,761 W 600 S APT 9,Provo,UT,84601,40.224824,-111.671886,76900,603.0,1.0,1.0,NA,Condo For Sale,http://www.zillow.com/homes/for_sale//homedetails/761-W-600-S-APT-9-Provo-UT-84601/11914726_zpid/
2097445535,867 S 900 W,Provo,UT,84601,40.222597,-111.674177,99000,7840.0,NA,NA,NA,Lot/Land For Sale,http://www.zillow.com/homes/for_sale//homedetails/867-S-900-W-Provo-UT-84601/2097445535_zpid/
2097445481,883 S 900 W,Provo,UT,84601,40.222223,-111.673735,99000,10018.0,NA,NA,NA,Lot/Land For Sale,http://www.zillow.com/homes/for_sale//homedetails/883-S-900-W-Provo-UT-84601/2097445481_zpid/
11944102,490 S 1920 W,Provo,UT,84601,40.227103,-111.693443,349900,2980.0,5.0,3.0,NA,House For Sale,http://www.zillow.com/homes/for_sale//homedetails/490-S-1920-W-Provo-UT-84601/11944102_zpid/
11888258,189 N 300 W,Provo,UT,84601,40.236129,-111.66432,325000,2779.0,5.0,2.0,NA,Make Me Move速,http://www.zillow.com/homes/for_sale//homedetails/189-N-300-W-Provo-UT-84601/11888258_zpid/
2097445508,879 S 900 W,Provo,UT,84601,40.222413,-111.673925,99000,9147.0,NA,NA,NA,Lot/Land For Sale,http://www.zillow.com/homes/for_sale//homedetails/879-S-900-W-Provo-UT-84601/2097445508_zpid/
11888147,920 W Center St,PROVO,UT,84601,40.234197,-111.675001,1000000,NA,NA,NA,NA,Lot/Land For Sale,http://www.zillow.com/homes/for_sale//homedetails/920-W-Center-St-Provo-UT-84601/11888147_zpid/
2092988787,2428 W 1160 N,Provo,UT,84601,40.2427,-111.685,374900,2581.0,3.0,2.5,NA,Apartment For Sale,http://www.zillow.com/homes/for_sale//homedetails/2428-W-1160-N-Provo-UT-84601/2092988787_zpid/
2093525871,1111 N Geneva Rd,Provo,UT,84601,40.248724,-111.704338,1050000,NA,NA,NA,NA,Lot/Land For Sale,http://www.zillow.com/homes/for_sale//homedetails/1111-N-Geneva-Rd-Provo-UT-84601/2093525871_zpid/
82713763,1476 N 2800 W,Provo,UT,84601,40.252901,-111.708827,629900,4698.0,6.0,4.0,NA,House For Sale,http://www.zillow.com/homes/for_sale//homedetails/1476-N-2800-W-Provo-UT-84601/82713763_zpid/
2095240375,1300 S 1600 W,Provo,UT,84601,40.255607,-111.681167,699900,NA,NA,NA,NA,Lot/Land For Sale,http://www.zillow.com/homes/for_sale//homedetails/1300-S-1600-W-Provo-UT-84601/2095240375_zpid/
2094694083,1770 S 570 W,Provo,UT,84601,40.223598,-111.737473,374990,3474.0,3.0,2.0,NA,Make Me Move速,http://www.zillow.com/homes/for_sale//homedetails/1770-S-570-W-Provo-UT-84601/2094694083_zpid/
190436769,N 800 W,Provo,UT,84601,40.236474,-111.670969,NA,1096.0,2.0,1.0,NA,Pre-Foreclosure (Auction),"http://www.zillow.com/homes/for_sale/190436769_zpid/any_days/globalrelevanceex_sort/29.759534,-95.335321,29.675003,-95.502863_rect/12_zm/"
190437043,N 800 W,Provo,UT,84601,40.240441,-111.673756,NA,2238.0,3.0,3.0,NA,Pre-Foreclosure (Auction),"http://www.zillow.com/homes/for_sale/190437043_zpid/any_days/globalrelevanceex_sort/29.759534,-95.335321,29.675003,-95.502863_rect/12_zm/"
190481590,S 810 W,Provo,UT,84601,40.212931,-111.672972,NA,1022.0,3.0,2.0,NA,Pre-Foreclosure (Auction),"http://www.zillow.com/homes/for_sale/190481590_zpid/any_days/globalrelevanceex_sort/29.759534,-95.335321,29.675003,-95.502863_rect/12_zm/"
190481629,N 3000 W,Provo,UT,84601,40.233812,-111.711256,NA,2558.0,5.0,3.0,NA,Pre-Foreclosure,"http://www.zillow.com/homes/for_sale/190481629_zpid/any_days/globalrelevanceex_sort/29.759534,-95.335321,29.675003,-95.502863_rect/12_zm/"
190481656,W 960 N,Provo,UT,84601,40.246477,-111.702489,NA,1057.0,3.0,2.0,NA,Pre-Foreclosure,"http://www.zillow.com/homes/for_sale/190481656_zpid/any_days/globalrelevanceex_sort/29.759534,-95.335321,29.675003,-95.502863_rect/12_zm/"
190505147,Riderwood Way,Provo,UT,84601,40.244584,-111.706908,NA,2993.0,4.0,2.5,NA,Pre-Foreclosure (Auction),"http://www.zillow.com/homes/for_sale/190505147_zpid/any_days/globalrelevanceex_sort/29.759534,-95.335321,29.675003,-95.502863_rect/12_zm/"
190505168,N 850 W,Provo,UT,84601,40.240441,-111.673756,NA,1143.0,4.0,2.0,NA,Pre-Foreclosure (Auction),"http://www.zillow.com/homes/for_sale/190505168_zpid/any_days/globalrelevanceex_sort/29.759534,-95.335321,29.675003,-95.502863_rect/12_zm/"
190505184,W 520 S,Provo,UT,84601,40.225763,-111.688386,NA,1212.0,4.0,3.0,NA,Pre-Foreclosure (Auction),"http://www.zillow.com/homes/for_sale/190505184_zpid/any_days/globalrelevanceex_sort/29.759534,-95.335321,29.675003,-95.502863_rect/12_zm/"
190531607,W 540 N,Provo,UT,84601,40.241809,-111.700653,NA,1287.0,3.0,1.5,NA,Pre-Foreclosure,"http://www.zillow.com/homes/for_sale/190531607_zpid/any_days/globalrelevanceex_sort/29.759534,-95.335321,29.675003,-95.502863_rect/12_zm/"
190531653,W 1300 N,Provo,UT,84601,40.252327,-111.713172,NA,1505.0,4.0,2.5,NA,Pre-Foreclosure,"http://www.zillow.com/homes/for_sale/190531653_zpid/any_days/globalrelevanceex_sort/29.759534,-95.335321,29.675003,-95.502863_rect/12_zm/"
240056680,S 1600 W,PROVO,UT,84601,40.225784,-111.687383,NA,1775.0,2.0,1.0,NA,Pre-Foreclosure,"http://www.zillow.com/homes/for_sale/240056680_zpid/any_days/globalrelevanceex_sort/29.759534,-95.335321,29.675003,-95.502863_rect/12_zm/"
242080807,W 200 S,Provo,UT,84601,40.230756,-111.668328,NA,1386.0,3.0,2.0,NA,Pre-Foreclosure,"http://www.zillow.com/homes/for_sale/242080807_zpid/any_days/globalrelevanceex_sort/29.759534,-95.335321,29.675003,-95.502863_rect/12_zm/"
190531634,West Ln,Provo,UT,84601,40.230225,-111.685661,NA,1438.0,3.0,2.5,NA,Pre-Foreclosure (Auction),"http://www.zillow.com/homes/for_sale/190531634_zpid/any_days/globalrelevanceex_sort/29.759534,-95.335321,29.675003,-95.502863_rect/12_zm/"
241982801,S 400 W APT B3,Provo,UT,84601,40.22784,-111.664955,NA,1089.0,3.0,1.0,NA,Pre-Foreclosure (Auction),"http://www.zillow.com/homes/for_sale/241982801_zpid/any_days/globalrelevanceex_sort/29.759534,-95.335321,29.675003,-95.502863_rect/12_zm/"
241623434,S 500 W,Provo,UT,84601,40.214798,-111.667907,NA,1140.0,3.0,2.0,NA,Pre-Foreclosure,"http://www.zillow.com/homes/for_sale/241623434_zpid/any_days/globalrelevanceex_sort/29.759534,-95.335321,29.675003,-95.502863_rect/12_zm/"
190481528,W 230 S,Provo,UT,84601,40.230934,-111.700848,NA,1350.0,4.0,3.0,NA,Pre-Foreclosure (Auction),"http://www.zillow.com/homes/for_sale/190481528_zpid/any_days/globalrelevanceex_sort/29.759534,-95.335321,29.675003,-95.502863_rect/12_zm/"
190505117,S 1330 W,Provo,UT,84601,40.22794,-111.682303,NA,1060.0,3.0,2.75,NA,Pre-Foreclosure (Auction),"http://www.zillow.com/homes/for_sale/190505117_zpid/any_days/globalrelevanceex_sort/29.759534,-95.335321,29.675003,-95.502863_rect/12_zm/"
241623435,S 860 W,Provo,UT,84601,40.21975,-111.673476,NA,992.0,2.0,0.75,NA,Pre-Foreclosure,"http://www.zillow.com/homes/for_sale/241623435_zpid/any_days/globalrelevanceex_sort/29.759534,-95.335321,29.675003,-95.502863_rect/12_zm/"
242080768,Riderwood Way,Provo,UT,84601,40.244115,-111.707166,NA,2236.0,5.0,2.5,NA,Pre-Foreclosure,"http://www.zillow.com/homes/for_sale/242080768_zpid/any_days/globalrelevanceex_sort/29.759534,-95.335321,29.675003,-95.502863_rect/12_zm/"
190436768,W 400 N,Provo,UT,84601,40.239091,-111.665611,NA,1775.0,3.0,2.0,NA,Pre-Foreclosure (Auction),"http://www.zillow.com/homes/for_sale/190436768_zpid/any_days/globalrelevanceex_sort/29.759534,-95.335321,29.675003,-95.502863_rect/12_zm/"
11958701,3323 N Cottonwood Ln,Provo,UT,84604,40.277752,-111.665866,1795000,8909.0,6.0,8.0,NA,House For Sale,http://www.zillow.com/homes/for_sale//homedetails/3323-N-Cottonwood-Ln-Provo-UT-84604/11958701_zpid/
11907657,2010 N 500 E,Provo,UT,84604,40.260776,-111.649875,185000,NA,NA,NA,NA,Lot/Land For Sale,http://www.zillow.com/homes/for_sale//homedetails/2010-N-500-E-Provo-UT-84604/11907657_zpid/
11948376,1078 Hillside Dr,Provo,UT,84604,40.297461,-111.639713,620000,5862.0,5.0,4.0,NA,House For Sale,http://www.zillow.com/homes/for_sale//homedetails/1078-Hillside-Dr-Provo-UT-84604/11948376_zpid/
11910671,1192 N 1270 W,Provo,UT,84604,40.250312,-111.681305,330000,3016.0,4.0,2.0,NA,House For Sale,http://www.zillow.com/homes/for_sale//homedetails/1192-N-1270-W-Provo-UT-84604/11910671_zpid/
11900435,810 W 2000 N,Provo,UT,84604,40.261604,-111.672521,250000,1656.0,3.0,2.0,NA,House For Sale,http://www.zillow.com/homes/for_sale//homedetails/810-W-2000-N-Provo-UT-84604/11900435_zpid/
2092633885,608 E 2200 N,Provo,UT,84604,40.26309,-111.647637,150000,NA,NA,NA,NA,For Sale by Owner,http://www.zillow.com/homes/for_sale//homedetails/608-E-2200-N-Provo-UT-84604/2092633885_zpid/
11901292,920 Columbia Ln,Provo,UT,84604,40.256013,-111.674441,229900,1740.0,4.0,2.0,NA,House For Sale,http://www.zillow.com/homes/for_sale//homedetails/920-Columbia-Ln-Provo-UT-84604/11901292_zpid/
51682402,1335 N 1750 W,Provo,UT,84604,40.251702,-111.689048,389900,3240.0,5.0,4.0,NA,For Sale by Owner,http://www.zillow.com/homes/for_sale//homedetails/1335-N-1750-W-Provo-UT-84604/51682402_zpid/
116555224,935 Independence Ave,Provo,UT,84604,40.246372,-111.691757,250000,1732.0,3.0,2.5,NA,Townhouse For Sale,http://www.zillow.com/homes/for_sale//homedetails/935-Independence-Ave-Provo-UT-84604/116555224_zpid/
11913702,3417 N 175 E,Provo,UT,84604,40.279192,-111.654154,535000,3200.0,5.0,3.0,NA,House For Sale,http://www.zillow.com/homes/for_sale//homedetails/3417-N-175-E-Provo-UT-84604/11913702_zpid/
2092632594,4246 N Stone W Xing,Provo,UT,84604,40.289819,-111.660231,319900,NA,NA,NA,NA,Lot/Land For Sale,http://www.zillow.com/homes/for_sale//homedetails/4246-N-Stone-W-Xing-Provo-UT-84604/2092632594_zpid/
11955442,6784 Fairfax Dr,Provo,UT,84604,40.355335,-111.575593,320000,640.0,1.0,1.0,NA,House For Sale,http://www.zillow.com/homes/for_sale//homedetails/6784-Fairfax-Dr-Provo-UT-84604/11955442_zpid/
11928348,948 N 1000 W,Provo,UT,84604,40.246832,-111.675315,189900,912.0,2.0,1.0,NA,House For Sale,http://www.zillow.com/homes/for_sale//homedetails/948-N-1000-W-Provo-UT-84604/11928348_zpid/
11923196,165 E 2100 N,Provo,UT,84604,40.261781,-111.65565,189000,1000.0,2.0,1.0,NA,Condo For Sale,http://www.zillow.com/homes/for_sale//homedetails/165-E-2100-N-Provo-UT-84604/11923196_zpid/
11917874,466 E 4190 N,Provo,UT,84604,40.288983,-111.650459,605000,4616.0,7.0,4.0,NA,For Sale by Owner,http://www.zillow.com/homes/for_sale//homedetails/466-E-4190-N-Provo-UT-84604/11917874_zpid/
11929847,418 Stadium Ave,Provo,UT,84604,40.258987,-111.651073,339000,2300.0,7.0,3.0,NA,For Sale by Owner,http://www.zillow.com/homes/for_sale//homedetails/418-Stadium-Ave-Provo-UT-84604/11929847_zpid/
11901150,1365 W 1320 N,Provo,UT,84604,40.251337,-111.682624,589971,5766.0,5.0,3.5,NA,House For Sale,http://www.zillow.com/homes/for_sale//homedetails/1365-W-1320-N-Provo-UT-84604/11901150_zpid/
2092761989,6704 Fairfax Dr,Provo,UT,84604,40.354369,-111.574197,424900,3000.0,3.0,2.0,NA,House For Sale,http://www.zillow.com/homes/for_sale//homedetails/6704-Fairfax-Dr-Provo-UT-84604/2092761989_zpid/
11911829,4887 N 200 E,Provo,UT,84604,40.298582,-111.655322,649900,4147.0,6.0,4.0,NA,House For Sale,http://www.zillow.com/homes/for_sale//homedetails/4887-N-200-E-Provo-UT-84604/11911829_zpid/
2092729689,3753 N 500 W,Provo,UT,84604,40.289,-111.6454,729000,6848.0,4.0,4.0,NA,House For Sale,http://www.zillow.com/homes/for_sale//homedetails/3753-N-500-W-Provo-UT-84604/2092729689_zpid/
11919527,2971 Apache Way,Provo,UT,84604,40.273376,-111.643413,449000,4412.0,5.0,3.0,NA,House For Sale,http://www.zillow.com/homes/for_sale//homedetails/2971-Apache-Way-Provo-UT-84604/11919527_zpid/
11939691,2821 N 700 E,Provo,UT,84604,40.271207,-111.646806,339000,4444.0,7.0,3.0,NA,House For Sale,http://www.zillow.com/homes/for_sale//homedetails/2821-N-700-E-Provo-UT-84604/11939691_zpid/
2110090985,4334 Stonecrossing,Provo,UT,84604,40.291122,-111.660453,319000,9583.0,NA,NA,NA,Lot/Land For Sale,http://www.zillow.com/homes/for_sale//homedetails/4334-Stonecrossing-Provo-UT-84604/2110090985_zpid/
11925634,599 E 2200 N,Provo,UT,84604,40.263395,-111.64821,344900,3008.0,5.0,3.0,NA,House For Sale,http://www.zillow.com/homes/for_sale//homedetails/599-E-2200-N-Provo-UT-84604/11925634_zpid/
11945539,1366 E 2300 N,Provo,UT,84604,40.26445,-111.63431,625000,4448.0,6.0,5.0,NA,Townhouse For Sale,http://www.zillow.com/homes/for_sale//homedetails/1366-E-2300-N-Provo-UT-84604/11945539_zpid/
11944642,1854 N 2100 W,Provo,UT,84604,40.258543,-111.694495,349900,2652.0,0,3.0,NA,House For Sale,http://www.zillow.com/homes/for_sale//homedetails/1854-N-2100-W-Provo-UT-84604/11944642_zpid/
11936517,1037 Windsor Dr,Provo,UT,84604,40.296175,-111.640354,759000,6068.0,7.0,5.0,NA,House For Sale,http://www.zillow.com/homes/for_sale//homedetails/1037-Windsor-Dr-Provo-UT-84604/11936517_zpid/
79768931,321 Stone Brook Ln,Provo,UT,84604,40.289119,-111.6639,1220000,8806.0,8.0,7.0,NA,House For Sale,http://www.zillow.com/homes/for_sale//homedetails/321-Stone-Brook-Ln-Provo-UT-84604/79768931_zpid/
122542647,3060 Deer Run Rd,Sundance,UT,84604,40.387072,-111.586297,8900000,8448.0,7.0,9.0,NA,House For Sale,http://www.zillow.com/homes/for_sale//homedetails/3060-Deer-Run-Rd-Sundance-UT-84604/122542647_zpid/
11955366,3928 Timpview Dr,Provo,UT,84604,40.285563,-111.647203,240000,2285.0,3.0,2.5,NA,Foreclosed,http://www.zillow.com/homes/for_sale//homedetails/3928-Timpview-Dr-Provo-UT-84604/11955366_zpid/
11943547,905 N 1760 W,Provo,UT,84604,40.246482,-111.690323,152000,1305.0,3.0,1.5,NA,Foreclosed,http://www.zillow.com/homes/for_sale//homedetails/905-N-1760-W-Provo-UT-84604/11943547_zpid/
122539492,1348 Red Oak Cir,Provo,UT,84604,40.255145,-111.634611,1499000,6416.0,4.0,4.0,NA,House For Sale,http://www.zillow.com/homes/for_sale//homedetails/1348-Red-Oak-Cir-Provo-UT-84604/122539492_zpid/
11901464,4182 Crestview Ave,Provo,UT,84604,40.288527,-111.643898,419000,3276.0,5.0,4.0,NA,House For Sale,http://www.zillow.com/homes/for_sale//homedetails/4182-Crestview-Ave-Provo-UT-84604/11901464_zpid/
11948546,4640 Brookshire Cir,Provo,UT,84604,40.296003,-111.643173,800000,6300.0,7.0,6.0,NA,House For Sale,http://www.zillow.com/homes/for_sale//homedetails/4640-Brookshire-Cir-Provo-UT-84604/11948546_zpid/
2099396023,8597 N Mandan Rd Sundance Ut # 84604,Sundance,UT,84604,40.258035,-111.667931,9000000,7800.0,5.0,7.0,NA,House For Sale,http://www.zillow.com/homes/for_sale//homedetails/8597-N-Mandan-Rd-Sundance-Ut-84604-Sundance-UT-84604/2099396023_zpid/
79770901,2808 N 370 E,Provo,UT,84604,40.270906,-111.652042,610000,4586.0,7.0,7.0,NA,House For Sale,http://www.zillow.com/homes/for_sale//homedetails/2808-N-370-E-Provo-UT-84604/79770901_zpid/
79764954,6758 Fairfax Dr,Provo,UT,84604,40.354704,-111.574469,360000,827.0,2.0,1.0,NA,House For Sale,http://www.zillow.com/homes/for_sale//homedetails/6758-Fairfax-Dr-Provo-UT-84604/79764954_zpid/
2094057998,4172 N Imperial E Way,Provo,UT,84604,40.289636,-111.634338,749900,10102.0,7.0,4.5,NA,Foreclosure,http://www.zillow.com/homes/for_sale//homedetails/4172-N-Imperial-E-Way-Provo-UT-84604/2094057998_zpid/
11953934,188 E 4635 N,Provo,UT,84604,40.295229,-111.655681,205000,2088.0,3.0,4.0,NA,For Sale by Owner,http://www.zillow.com/homes/for_sale//homedetails/188-E-4635-N-Provo-UT-84604/11953934_zpid/
11920489,3686 N 820 E,Provo,UT,84604,40.282631,-111.644327,499000,6328.0,7.0,5.0,NA,House For Sale,http://www.zillow.com/homes/for_sale//homedetails/3686-N-820-E-Provo-UT-84604/11920489_zpid/
11924424,1744 Cobblestone Dr,Provo,UT,84604,40.257014,-111.68023,275000,2972.0,3.0,3.0,NA,Condo For Sale,http://www.zillow.com/homes/for_sale//homedetails/1744-Cobblestone-Dr-Provo-UT-84604/11924424_zpid/
11933586,2789 Marrcrest E,Provo,UT,84604,40.271033,-111.657698,198000,974.0,2.0,1.0,NA,Apartment For Sale,http://www.zillow.com/homes/for_sale//homedetails/2789-Marrcrest-E-Provo-UT-84604/11933586_zpid/
11901628,3021 Bannock Dr,Provo,UT,84604,40.274084,-111.644633,339900,4200.0,5.0,4.0,NA,House For Sale,http://www.zillow.com/homes/for_sale//homedetails/3021-Bannock-Dr-Provo-UT-84604/11901628_zpid/
11946972,3263 Shadowbrook Cir,Provo,UT,84604,40.276542,-111.658401,265000,1530.0,3.0,3.0,NA,Townhouse For Sale,http://www.zillow.com/homes/for_sale//homedetails/3263-Shadowbrook-Cir-Provo-UT-84604/11946972_zpid/
63073817,766 E 2950 N,Provo,UT,84604,40.272623,-111.644944,575000,5574.0,6.0,4.0,NA,House For Sale,http://www.zillow.com/homes/for_sale//homedetails/766-E-2950-N-Provo-UT-84604/63073817_zpid/
2098292392,6671 Fairfax Dr,Provo,UT,84604,40.353077,-111.572408,150000,6534.0,NA,NA,NA,Lot/Land For Sale,http://www.zillow.com/homes/for_sale//homedetails/6671-Fairfax-Dr-Provo-UT-84604/2098292392_zpid/
2093029348,2091 N 1060 W,Provo,UT,84604,40.261967,-111.676853,325000,2496.0,7.0,3.0,NA,Apartment For Sale,http://www.zillow.com/homes/for_sale//homedetails/2091-N-1060-W-Provo-UT-84604/2093029348_zpid/
2106347659,2522 Timpview Dr,Provo,UT,84604,40.266895,-111.646767,275000,NA,NA,NA,NA,Lot/Land For Sale,http://www.zillow.com/homes/for_sale//homedetails/2522-Timpview-Dr-Provo-UT-84604/2106347659_zpid/
11946974,3251 Shadowbrook Cir,Provo,UT,84604,40.276385,-111.65853,242500,1986.0,3.0,2.5,NA,Townhouse For Sale,http://www.zillow.com/homes/for_sale//homedetails/3251-Shadowbrook-Cir-Provo-UT-84604/11946974_zpid/
2093188629,50 E 3700 N,Provo,UT,84604,40.284232,-111.657819,380000,3000.0,4.0,3.0,NA,For Sale by Owner,http://www.zillow.com/homes/for_sale//homedetails/50-E-3700-N-Provo-UT-84604/2093188629_zpid/
2105481581,4277 Imperial Way,Provo,UT,84604,40.290623,-111.635399,210000,NA,NA,NA,NA,Lot/Land For Sale,http://www.zillow.com/homes/for_sale//homedetails/4277-Imperial-Way-Provo-UT-84604/2105481581_zpid/
11901800,1111 Briar Ave,Provo,UT,84604,40.251564,-111.639308,359900,2942.0,5.0,4.0,NA,For Sale by Owner,http://www.zillow.com/homes/for_sale//homedetails/1111-Briar-Ave-Provo-UT-84604/11901800_zpid/
11948308,4653 Windsor Dr,Provo,UT,84604,40.29601,-111.63833,494500,4922.0,7.0,5.0,NA,House For Sale,http://www.zillow.com/homes/for_sale//homedetails/4653-Windsor-Dr-Provo-UT-84604/11948308_zpid/
11936609,225 W 2230 N APT 5,Provo,UT,84604,40.262857,-111.66254,250000,1597.0,4.0,2.75,NA,Condo For Sale,http://www.zillow.com/homes/for_sale//homedetails/225-W-2230-N-APT-5-Provo-UT-84604/11936609_zpid/
82722315,5176 N University Ave STE 416,Provo,UT,84604,40.301616,-111.655589,260000,1773.0,3.0,2.5,NA,Townhouse For Sale,http://www.zillow.com/homes/for_sale//homedetails/5176-N-University-Ave-STE-416-Provo-UT-84604/82722315_zpid/
55720050,515 Sheffield Dr,Provo,UT,84604,40.292619,-111.666438,3190000,15107.0,9.0,10.5,NA,House For Sale,http://www.zillow.com/homes/for_sale//homedetails/515-Sheffield-Dr-Provo-UT-84604/55720050_zpid/
2094149649,4653 N Windsor E Dr,Provo,UT,84604,40.296009,-111.638329,494500,4922.0,7.0,5.0,NA,House For Sale,http://www.zillow.com/homes/for_sale//homedetails/4653-N-Windsor-E-Dr-Provo-UT-84604/2094149649_zpid/
68830962,3286 Piute Dr,Provo,UT,84604,40.277212,-111.63548,699900,4000.0,4.0,3.0,NA,House For Sale,http://www.zillow.com/homes/for_sale//homedetails/3286-Piute-Dr-Provo-UT-84604/68830962_zpid/
117643043,441 E 3540 N,Provo,UT,84604,40.281052,-111.652,510000,3828.0,6.0,3.0,NA,House For Sale,http://www.zillow.com/homes/for_sale//homedetails/441-E-3540-N-Provo-UT-84604/117643043_zpid/
2106347660,2506 Timpview Dr,Provo,UT,84604,40.266815,-111.647171,250000,NA,NA,NA,NA,Lot/Land For Sale,http://www.zillow.com/homes/for_sale//homedetails/2506-Timpview-Dr-Provo-UT-84604/2106347660_zpid/
2110957867,4560 N Foothill Dr,Provo,UT,84604,40.294716,-111.642838,95000,NA,NA,NA,NA,Lot/Land For Sale,http://www.zillow.com/homes/for_sale//homedetails/4560-N-Foothill-Dr-Provo-UT-84604/2110957867_zpid/
2102174288,1057 Windsor Dr,Provo,UT,84604,40.296333,-111.639968,185000,NA,NA,NA,NA,Lot/Land For Sale,http://www.zillow.com/homes/for_sale//homedetails/1057-Windsor-Dr-Provo-UT-84604/2102174288_zpid/
11947192,4115 Foothill Dr,Provo,UT,84604,40.288928,-111.639484,439900,4463.0,5.0,3.0,NA,House For Sale,http://www.zillow.com/homes/for_sale//homedetails/4115-Foothill-Dr-Provo-UT-84604/11947192_zpid/
63224592,1672 N 1740 W,Provo,UT,84604,40.256033,-111.688641,585000,5222.0,6.0,4.0,NA,House For Sale,http://www.zillow.com/homes/for_sale//homedetails/1672-N-1740-W-Provo-UT-84604/63224592_zpid/
11939942,892 Osmond Ln,Provo,UT,84604,40.29211,-111.64307,299000,NA,NA,NA,NA,Lot/Land For Sale,http://www.zillow.com/homes/for_sale//homedetails/892-Osmond-Ln-Provo-UT-84604/11939942_zpid/
2093286226,343 W Stone Gate N Ln,Provo,UT,84604,40.290992,-111.664123,2790000,16706.0,6.0,7.0,NA,House For Sale,http://www.zillow.com/homes/for_sale//homedetails/343-W-Stone-Gate-N-Ln-Provo-UT-84604/2093286226_zpid/
11954307,2224 Temple View Dr,Provo,UT,84604,40.263873,-111.637256,320000,2868.0,4.0,3.0,NA,House For Sale,http://www.zillow.com/homes/for_sale//homedetails/2224-Temple-View-Dr-Provo-UT-84604/11954307_zpid/
11915394,1222 Cambridge Ct,Provo,UT,84604,40.265545,-111.63748,499900,3702.0,5.0,3.0,NA,House For Sale,http://www.zillow.com/homes/for_sale//homedetails/1222-Cambridge-Ct-Provo-UT-84604/11915394_zpid/
11941740,1674 W 1050 N,Provo,UT,84604,40.24861,-111.688098,350000,3440.0,6.0,3.0,NA,For Sale by Owner,http://www.zillow.com/homes/for_sale//homedetails/1674-W-1050-N-Provo-UT-84604/11941740_zpid/
89205123,2655 N 140 E UNIT 204,Provo,UT,84604,40.26839,-111.656845,424900,1933.0,3.0,3.0,NA,House For Sale,http://www.zillow.com/homes/for_sale//homedetails/2655-N-140-E-UNIT-204-Provo-UT-84604/89205123_zpid/
64946598,4194 Imperial Way,Provo,UT,84604,40.289938,-111.63434,975000,13016.0,9.0,8.0,NA,House For Sale,http://www.zillow.com/homes/for_sale//homedetails/4194-Imperial-Way-Provo-UT-84604/64946598_zpid/
82703380,392 Stone Brook Ln,Provo,UT,84604,40.289646,-111.665014,1895000,10824.0,8.0,8.5,NA,House For Sale,http://www.zillow.com/homes/for_sale//homedetails/392-Stone-Brook-Ln-Provo-UT-84604/82703380_zpid/
2092955919,4098 Foothill Dr # 3,Provo,UT,84604,40.288416,-111.638706,499900,3910.0,4.0,3.0,NA,New Construction,http://www.zillow.com/homes/for_sale//homedetails/4098-Foothill-Dr-3-Provo-UT-84604/2092955919_zpid/
63226385,4284 Stonecrossing,Provo,UT,84604,40.2904,-111.660229,1465000,5478.0,5.0,4.5,NA,House For Sale,http://www.zillow.com/homes/for_sale//homedetails/4284-Stonecrossing-Provo-UT-84604/63226385_zpid/
58327025,4243 Waterford Ct,Provo,UT,84604,40.290437,-111.640221,1075000,5050.0,2.0,3.5,NA,Apartment For Sale,http://www.zillow.com/homes/for_sale//homedetails/4243-Waterford-Ct-Provo-UT-84604/58327025_zpid/
2093370702,3900 Timpview Dr,Provo,UT,84604,40.285496,-111.647519,210000,10890.0,NA,NA,NA,For Sale by Owner,http://www.zillow.com/homes/for_sale//homedetails/3900-Timpview-Dr-Provo-UT-84604/2093370702_zpid/
2104741931,4222 Stonecrossing,Provo,UT,84604,40.289417,-111.660271,335000,10890.0,NA,NA,NA,Lot/Land For Sale,http://www.zillow.com/homes/for_sale//homedetails/4222-Stonecrossing-Provo-UT-84604/2104741931_zpid/
11951510,3962 Foothill Dr,Provo,UT,84604,40.286153,-111.636809,579900,4400.0,6.0,4.0,NA,House For Sale,http://www.zillow.com/homes/for_sale//homedetails/3962-Foothill-Dr-Provo-UT-84604/11951510_zpid/
59760725,1362 W 1940 N,Provo,UT,84604,40.259632,-111.682314,572000,5146.0,6.0,4.0,NA,House For Sale,http://www.zillow.com/homes/for_sale//homedetails/1362-W-1940-N-Provo-UT-84604/59760725_zpid/
11948296,4734 Mile High Dr,Provo,UT,84604,40.29669,-111.637866,424900,4288.0,7.0,4.0,NA,House For Sale,http://www.zillow.com/homes/for_sale//homedetails/4734-Mile-High-Dr-Provo-UT-84604/11948296_zpid/
11945076,419 W 3900 N,Provo,UT,84604,40.285142,-111.665607,485000,3100.0,5.0,3.0,NA,House For Sale,http://www.zillow.com/homes/for_sale//homedetails/419-W-3900-N-Provo-UT-84604/11945076_zpid/
2094330792,1413 N 1500 E,Provo,UT,84604,40.253215,-111.631385,375000,NA,NA,NA,NA,Lot/Land For Sale,http://www.zillow.com/homes/for_sale//homedetails/1413-N-1500-E-Provo-UT-84604/2094330792_zpid/
2113397777,4540 N Foothill Dr,Provo,UT,84604,40.294357,-111.642647,95000,NA,NA,NA,NA,Lot/Land For Sale,http://www.zillow.com/homes/for_sale//homedetails/4540-N-Foothill-Dr-Provo-UT-84604/2113397777_zpid/
125829627,4363 Stonecrossing,Provo,UT,84604,40.291519,-111.661193,369999,9147.0,NA,NA,NA,Lot/Land For Sale,http://www.zillow.com/homes/for_sale//homedetails/4363-Stonecrossing-Provo-UT-84604/125829627_zpid/
79766486,4417 Stafford Ct,Provo,UT,84604,40.292938,-111.669144,1985000,10203.0,7.0,9.0,NA,House For Sale,http://www.zillow.com/homes/for_sale//homedetails/4417-Stafford-Ct-Provo-UT-84604/79766486_zpid/
55719966,8903 N Timp Haven Rd,SUNDANCE,UT,84604,40.393302,-111.584607,5900000,5650.0,5.0,6.0,NA,House For Sale,http://www.zillow.com/homes/for_sale//homedetails/8903-N-Timp-Haven-Rd-Sundance-UT-84604/55719966_zpid/
2093396986,5153 Riverpark Way,Provo,UT,84604,40.302207,-111.658779,480000,3200.0,4.0,3.0,NA,For Sale by Owner,http://www.zillow.com/homes/for_sale//homedetails/5153-Riverpark-Way-Provo-UT-84604/2093396986_zpid/
60846419,4345 Stafford Ct,Provo,UT,84604,40.291739,-111.668906,1299000,9694.0,8.0,7.0,NA,House For Sale,http://www.zillow.com/homes/for_sale//homedetails/4345-Stafford-Ct-Provo-UT-84604/60846419_zpid/
11947672,4379 N 250 E,Provo,UT,84604,40.291356,-111.654153,374900,3812.0,6.0,1.0,NA,House For Sale,http://www.zillow.com/homes/for_sale//homedetails/4379-N-250-E-Provo-UT-84604/11947672_zpid/
11901466,4216 Crestview Ave,Provo,UT,84604,40.289281,-111.642676,539000,4800.0,6.0,4.0,NA,House For Sale,http://www.zillow.com/homes/for_sale//homedetails/4216-Crestview-Ave-Provo-UT-84604/11901466_zpid/
2104741933,270 Stone Gate Ln,Provo,UT,84604,40.292503,-111.663101,990000,NA,NA,NA,NA,Lot/Land For Sale,http://www.zillow.com/homes/for_sale//homedetails/270-Stone-Gate-Ln-Provo-UT-84604/2104741933_zpid/
125827311,4235 Stonecrossing,Provo,UT,84604,40.289554,-111.661476,400000,10018.0,NA,NA,NA,Lot/Land For Sale,http://www.zillow.com/homes/for_sale//homedetails/4235-Stonecrossing-Provo-UT-84604/125827311_zpid/
125814026,4242 Stone Creek Ln,PROVO,UT,84604,40.289749,-111.663414,400000,10890.0,NA,NA,NA,Lot/Land For Sale,http://www.zillow.com/homes/for_sale//homedetails/4242-Stone-Creek-Ln-Provo-UT-84604/125814026_zpid/
11900371,364 W 3700 N,Provo,UT,84604,40.283188,-111.664388,678000,5395.0,6.0,3.5,NA,House For Sale,http://www.zillow.com/homes/for_sale//homedetails/364-W-3700-N-Provo-UT-84604/11900371_zpid/
55720083,3352 N Cottonwood Ln,Provo,UT,84604,40.278263,-111.663882,1395000,8840.0,7.0,7.0,NA,House For Sale,http://www.zillow.com/homes/for_sale//homedetails/3352-N-Cottonwood-Ln-Provo-UT-84604/55720083_zpid/
11942430,3243 N 140 W,Provo,UT,84604,40.27663,-111.661038,825000,6060.0,5.0,4.0,NA,House For Sale,http://www.zillow.com/homes/for_sale//homedetails/3243-N-140-W-Provo-UT-84604/11942430_zpid/
11958704,3314 N Cottonwood Ln,Provo,UT,84604,40.277222,-111.664791,1350000,5777.0,4.0,5.0,NA,House For Sale,http://www.zillow.com/homes/for_sale//homedetails/3314-N-Cottonwood-Ln-Provo-UT-84604/11958704_zpid/
2105591833,2450 Timpview Dr,Provo,UT,84604,40.266393,-111.647413,550000,5478.0,5.0,3.0,NA,House For Sale,http://www.zillow.com/homes/for_sale//homedetails/2450-Timpview-Dr-Provo-UT-84604/2105591833_zpid/
11901487,2195 N 1220 E,Provo,UT,84604,40.263292,-111.63748,450000,2595.0,4.0,3.0,NA,Make Me Move速,http://www.zillow.com/homes/for_sale//homedetails/2195-N-1220-E-Provo-UT-84604/11901487_zpid/
2104222918,8685 N Navajo Rd,Sundance,UT,84604,40.388403,-111.579684,1980000,NA,NA,NA,NA,Lot/Land For Sale,http://www.zillow.com/homes/for_sale//homedetails/8685-N-Navajo-Rd-Sundance-UT-84604/2104222918_zpid/
2107712643,8689 N Navajo Rd,Sundance,UT,84604,40.392,-111.578,1800000,NA,NA,NA,NA,Lot/Land For Sale,http://www.zillow.com/homes/for_sale//homedetails/8689-N-Navajo-Rd-Sundance-UT-84604/2107712643_zpid/
82721050,4589 N 425 E,Provo,UT,84604,40.294273,-111.651356,1399000,6898.0,7.0,5.0,NA,House For Sale,http://www.zillow.com/homes/for_sale//homedetails/4589-N-425-E-Provo-UT-84604/82721050_zpid/
65193233,3634 N 400 W,Provo,UT,84604,40.282096,-111.664765,849000,7200.0,6.0,4.25,NA,House For Sale,http://www.zillow.com/homes/for_sale//homedetails/3634-N-400-W-Provo-UT-84604/65193233_zpid/
2093397909,3550 N 180 E # 3,Provo,UT,84604,40.281162,-111.655115,765000,4833.0,4.0,4.0,NA,House For Sale,http://www.zillow.com/homes/for_sale//homedetails/3550-N-180-E-3-Provo-UT-84604/2093397909_zpid/
11958708,3218 N Cottonwood Ln,Provo,UT,84604,40.276079,-111.664538,1180000,5677.0,5.0,6.0,NA,House For Sale,http://www.zillow.com/homes/for_sale//homedetails/3218-N-Cottonwood-Ln-Provo-UT-84604/11958708_zpid/
11956143,4343 Sheffield Dr,Provo,UT,84604,40.292118,-111.665982,1745000,11007.0,7.0,8.0,NA,House For Sale,http://www.zillow.com/homes/for_sale//homedetails/4343-Sheffield-Dr-Provo-UT-84604/11956143_zpid/
2097337109,5070 N Canyon Rd,Provo,UT,84604,40.300836,-111.654193,4500000,NA,NA,NA,NA,Lot/Land For Sale,http://www.zillow.com/homes/for_sale//homedetails/5070-N-Canyon-Rd-Provo-UT-84604/2097337109_zpid/
82732703,2777 E Stewart Rd,SUNDANCE,UT,84604,40.385372,-111.593658,1750000,4444.0,5.0,6.0,NA,House For Sale,http://www.zillow.com/homes/for_sale//homedetails/2777-E-Stewart-Rd-Sundance-UT-84604/82732703_zpid/
11958709,3188 N Cottonwood Ln,Provo,UT,84604,40.275808,-111.664341,755000,4038.0,4.0,3.75,NA,House For Sale,http://www.zillow.com/homes/for_sale//homedetails/3188-N-Cottonwood-Ln-Provo-UT-84604/11958709_zpid/
2093988921,126 W Stone Xing # 55,Provo,UT,84604,40.2892,-111.6453,950000,5250.0,4.0,4.0,NA,House For Sale,http://www.zillow.com/homes/for_sale//homedetails/126-W-Stone-Xing-55-Provo-UT-84604/2093988921_zpid/
2102015916,3027 E Black Forest Dr.,Sundance,UT,84604,40.385802,-111.587828,1800000,2839.0,4.0,4.0,NA,House For Sale,http://www.zillow.com/homes/for_sale//homedetails/3027-E-Black-Forest-Dr-Sundance-UT-84604/2102015916_zpid/
190505146,Victoria Cir,Provo,UT,84604,40.295125,-111.640071,NA,5040.0,4.0,3.75,NA,Pre-Foreclosure (Auction),"http://www.zillow.com/homes/for_sale/190505146_zpid/any_days/globalrelevanceex_sort/29.759534,-95.335321,29.675003,-95.502863_rect/12_zm/"
241623420,N 1640 W,Provo,UT,84604,40.259605,-111.688446,NA,4462.0,4.0,4.5,NA,Pre-Foreclosure,"http://www.zillow.com/homes/for_sale/241623420_zpid/any_days/globalrelevanceex_sort/29.759534,-95.335321,29.675003,-95.502863_rect/12_zm/"
241623406,Marrcrest W,Provo,UT,84604,40.271801,-111.659301,NA,5904.0,3.0,2.75,NA,Pre-Foreclosure,"http://www.zillow.com/homes/for_sale/241623406_zpid/any_days/globalrelevanceex_sort/29.759534,-95.335321,29.675003,-95.502863_rect/12_zm/"
241525145,N 1160 W,Provo,UT,84604,40.252534,-111.679111,NA,2056.0,3.0,3.25,NA,Pre-Foreclosure (Auction),"http://www.zillow.com/homes/for_sale/241525145_zpid/any_days/globalrelevanceex_sort/29.759534,-95.335321,29.675003,-95.502863_rect/12_zm/"
190436999,W 1460 N,Provo,UT,84604,40.253417,-111.683279,NA,2817.0,7.0,3.0,NA,Pre-Foreclosure,"http://www.zillow.com/homes/for_sale/190436999_zpid/any_days/globalrelevanceex_sort/29.759534,-95.335321,29.675003,-95.502863_rect/12_zm/"
190481576,N 1420 W,Provo,UT,84604,40.259829,-111.683779,NA,2954.0,4.0,2.5,NA,Pre-Foreclosure (Auction),"http://www.zillow.com/homes/for_sale/190481576_zpid/any_days/globalrelevanceex_sort/29.759534,-95.335321,29.675003,-95.502863_rect/12_zm/"
190481577,W 1940 N,Provo,UT,84604,40.259425,-111.681989,NA,2102.0,3.0,2.5,NA,Pre-Foreclosure (Auction),"http://www.zillow.com/homes/for_sale/190481577_zpid/any_days/globalrelevanceex_sort/29.759534,-95.335321,29.675003,-95.502863_rect/12_zm/"
190481642,W 1340 N,Provo,UT,84604,40.251227,-111.67293,NA,772.0,2.0,1.0,NA,Pre-Foreclosure,"http://www.zillow.com/homes/for_sale/190481642_zpid/any_days/globalrelevanceex_sort/29.759534,-95.335321,29.675003,-95.502863_rect/12_zm/"
190481674,N 1500 E,Provo,UT,84604,40.251318,-111.630187,NA,2770.0,4.0,3.5,NA,Pre-Foreclosure (Auction),"http://www.zillow.com/homes/for_sale/190481674_zpid/any_days/globalrelevanceex_sort/29.759534,-95.335321,29.675003,-95.502863_rect/12_zm/"
190894848,Devonshire Dr,PROVO,UT,84604,40.283952,-111.635009,NA,3152.0,7.0,4.75,NA,Pre-Foreclosure,"http://www.zillow.com/homes/for_sale/190894848_zpid/any_days/globalrelevanceex_sort/29.759534,-95.335321,29.675003,-95.502863_rect/12_zm/"
190505092,N 970 E,Provo,UT,84604,40.284209,-111.641859,NA,8958.0,7.0,3.5,NA,Pre-Foreclosure,"http://www.zillow.com/homes/for_sale/190505092_zpid/any_days/globalrelevanceex_sort/29.759534,-95.335321,29.675003,-95.502863_rect/12_zm/"
242080793,N 700 E,Provo,UT,84604,40.271207,-111.646806,NA,2455.0,2.0,2.0,NA,Pre-Foreclosure,"http://www.zillow.com/homes/for_sale/242080793_zpid/any_days/globalrelevanceex_sort/29.759534,-95.335321,29.675003,-95.502863_rect/12_zm/"
242080803,W 3540 N,Provo,UT,84604,40.279901,-111.65985,NA,2576.0,5.0,2.5,NA,Pre-Foreclosure,"http://www.zillow.com/homes/for_sale/242080803_zpid/any_days/globalrelevanceex_sort/29.759534,-95.335321,29.675003,-95.502863_rect/12_zm/"
190481561,Apple Ave,Provo,UT,84604,40.248607,-111.636346,NA,1836.0,4.0,2.5,NA,Pre-Foreclosure (Auction),"http://www.zillow.com/homes/for_sale/190481561_zpid/any_days/globalrelevanceex_sort/29.759534,-95.335321,29.675003,-95.502863_rect/12_zm/"
11903058,990 S 900 E,Provo,UT,84606,40.221075,-111.643439,150000,837.0,2.0,1.0,NA,House For Sale,http://www.zillow.com/homes/for_sale//homedetails/990-S-900-E-Provo-UT-84606/11903058_zpid/
11922287,181 S 1000 E,Provo,UT,84606,40.231344,-111.641,260000,2265.0,5.0,3.0,NA,House For Sale,http://www.zillow.com/homes/for_sale//homedetails/181-S-1000-E-Provo-UT-84606/11922287_zpid/
11950728,1115 S 950 E APT 25,Provo,UT,84606,40.218772,-111.641658,179900,1340.0,3.0,2.0,NA,Townhouse For Sale,http://www.zillow.com/homes/for_sale//homedetails/1115-S-950-E-APT-25-Provo-UT-84606/11950728_zpid/
11903047,434 Idaho Ave,Provo,UT,84606,40.227809,-111.638496,279900,2474.0,4.0,3.0,NA,House For Sale,http://www.zillow.com/homes/for_sale//homedetails/434-Idaho-Ave-Provo-UT-84606/11903047_zpid/
11921641,2179 Dakota Ave,Provo,UT,84606,40.204702,-111.622275,330000,2360.0,5.0,3.0,NA,House For Sale,http://www.zillow.com/homes/for_sale//homedetails/2179-Dakota-Ave-Provo-UT-84606/11921641_zpid/
11889317,515 E 400 N,Provo,UT,84606,40.239239,-111.649626,799000,3709.0,9.0,6.0,NA,Apartment For Sale,http://www.zillow.com/homes/for_sale//homedetails/515-E-400-N-Provo-UT-84606/11889317_zpid/
11956260,1032 E 360 S,Provo,UT,84606,40.228567,-111.640794,299897,3000.0,4.0,2.0,NA,House For Sale,http://www.zillow.com/homes/for_sale//homedetails/1032-E-360-S-Provo-UT-84606/11956260_zpid/
63224069,1138 Meadow Fork Rd APT 6,Provo,UT,84606,40.218793,-111.629119,204000,1211.0,3.0,2.0,NA,Condo For Sale,http://www.zillow.com/homes/for_sale//homedetails/1138-Meadow-Fork-Rd-APT-6-Provo-UT-84606/63224069_zpid/
11911322,1080 E 450 N APT 12,Provo,UT,84606,40.239565,-111.640115,212000,1050.0,3.0,2.0,NA,For Sale by Owner,http://www.zillow.com/homes/for_sale//homedetails/1080-E-450-N-APT-12-Provo-UT-84606/11911322_zpid/
11925913,1415 E 580 S,Provo,UT,84606,40.22614,-111.633856,279900,2484.0,4.0,2.0,NA,House For Sale,http://www.zillow.com/homes/for_sale//homedetails/1415-E-580-S-Provo-UT-84606/11925913_zpid/
11921549,2342 Tennessee Ave,Provo,UT,84606,40.202052,-111.621284,359900,3360.0,6.0,3.0,NA,House For Sale,http://www.zillow.com/homes/for_sale//homedetails/2342-Tennessee-Ave-Provo-UT-84606/11921549_zpid/
11956215,1064 E 420 S,Provo,UT,84606,40.227834,-111.640381,225000,2370.0,4.0,3.0,NA,For Sale by Owner,http://www.zillow.com/homes/for_sale//homedetails/1064-E-420-S-Provo-UT-84606/11956215_zpid/
11888609,445 S 100 E,Provo,UT,84606,40.227773,-111.656491,219000,1535.0,4.0,2.0,NA,House For Sale,http://www.zillow.com/homes/for_sale//homedetails/445-S-100-E-Provo-UT-84606/11888609_zpid/
11902923,155 S 600 E,Provo,UT,84606,40.231631,-111.647845,240000,1932.0,3.0,2.0,NA,House For Sale,http://www.zillow.com/homes/for_sale//homedetails/155-S-600-E-Provo-UT-84606/11902923_zpid/
2094265827,1461 E Oak Cliff Drive Dr N,Provo,UT,84606,40.2253,-111.6408,110000,NA,0,NA,NA,House For Sale,http://www.zillow.com/homes/for_sale//homedetails/1461-E-Oak-Cliff-Drive-Dr-N-Provo-UT-84606/2094265827_zpid/
11925910,1447 E 580 S,Provo,UT,84606,40.226146,-111.633126,255000,2494.0,3.0,3.0,NA,House For Sale,http://www.zillow.com/homes/for_sale//homedetails/1447-E-580-S-Provo-UT-84606/11925910_zpid/
11935745,2054 Nevada Ave,Provo,UT,84606,40.205806,-111.624996,169500,1670.0,3.0,3.0,NA,Condo For Sale,http://www.zillow.com/homes/for_sale//homedetails/2054-Nevada-Ave-Provo-UT-84606/11935745_zpid/
68007348,1256 S 1410 E # 1410,Provo,UT,84606,40.216764,-111.634435,239999,2349.0,4.0,3.0,NA,Townhouse For Sale,http://www.zillow.com/homes/for_sale//homedetails/1256-S-1410-E-1410-Provo-UT-84606/68007348_zpid/
11910276,1380 E 330 S,Provo,UT,84606,40.229028,-111.634719,249900,2340.0,3.0,2.0,NA,House For Sale,http://www.zillow.com/homes/for_sale//homedetails/1380-E-330-S-Provo-UT-84606/11910276_zpid/
11888584,210 E 500 S,Provo,UT,84606,40.226784,-111.654856,238000,1740.0,4.0,3.0,NA,House For Sale,http://www.zillow.com/homes/for_sale//homedetails/210-E-500-S-Provo-UT-84606/11888584_zpid/
2092927256,792 E 900 S,Provo,UT,84606,40.221937,-111.645331,135000,6098.0,NA,NA,NA,Lot/Land For Sale,http://www.zillow.com/homes/for_sale//homedetails/792-E-900-S-Provo-UT-84606/2092927256_zpid/
2094502823,842 S 1150 E,Provo,UT,84606,40.2231,-111.639,414900,3519.0,4.0,3.0,NA,New Construction,http://www.zillow.com/homes/for_sale//homedetails/842-S-1150-E-Provo-UT-84606/2094502823_zpid/
11903083,850 E 900 S,Provo,UT,84606,40.221819,-111.644104,239000,1400.0,3.0,2.0,NA,House For Sale,http://www.zillow.com/homes/for_sale//homedetails/850-E-900-S-Provo-UT-84606/11903083_zpid/
11951065,1391 S Slate Canyon Dr,Provo,UT,84606,40.215162,-111.626967,249000,2060.0,3.0,3.0,NA,Make Me Move速,http://www.zillow.com/homes/for_sale//homedetails/1391-S-Slate-Canyon-Dr-Provo-UT-84606/11951065_zpid/
65204735,1154 S 1430 E,Provo,UT,84606,40.218187,-111.633779,259000,2260.0,3.0,2.5,NA,House For Sale,http://www.zillow.com/homes/for_sale//homedetails/1154-S-1430-E-Provo-UT-84606/65204735_zpid/
11951051,1261 S Slate Canyon Dr,Provo,UT,84606,40.21704,-111.62829,310000,3401.0,7.0,3.0,NA,Make Me Move速,http://www.zillow.com/homes/for_sale//homedetails/1261-S-Slate-Canyon-Dr-Provo-UT-84606/11951051_zpid/
89202814,429 E 200 S,Provo,UT,84606,40.231241,-111.651126,349900,2240.0,4.0,4.0,NA,For Sale by Owner,http://www.zillow.com/homes/for_sale//homedetails/429-E-200-S-Provo-UT-84606/89202814_zpid/
82704544,1391 E 300 N,Provo,UT,84606,40.237618,-111.63417,799000,6031.0,6.0,5.5,NA,House For Sale,http://www.zillow.com/homes/for_sale//homedetails/1391-E-300-N-Provo-UT-84606/82704544_zpid/
79768673,439 N 1340 E,Provo,UT,84606,40.240037,-111.635821,560000,5090.0,7.0,5.0,NA,House For Sale,http://www.zillow.com/homes/for_sale//homedetails/439-N-1340-E-Provo-UT-84606/79768673_zpid/
190436776,E 660 N,Provo,UT,84606,40.241847,-111.635028,NA,2984.0,3.0,2.5,NA,Pre-Foreclosure (Auction),"http://www.zillow.com/homes/for_sale/190436776_zpid/any_days/globalrelevanceex_sort/29.759534,-95.335321,29.675003,-95.502863_rect/12_zm/"
190437002,N 700 E,Provo,UT,84606,40.237389,-111.648208,NA,2174.0,9.0,3.75,NA,Pre-Foreclosure,"http://www.zillow.com/homes/for_sale/190437002_zpid/any_days/globalrelevanceex_sort/29.759534,-95.335321,29.675003,-95.502863_rect/12_zm/"
190437003,E 300 S,Provo,UT,84606,40.230356,-111.63788,NA,1846.0,6.0,2.5,NA,Pre-Foreclosure,"http://www.zillow.com/homes/for_sale/190437003_zpid/any_days/globalrelevanceex_sort/29.759534,-95.335321,29.675003,-95.502863_rect/12_zm/"
190437025,E 720 N,Provo,UT,84606,40.243346,-111.635674,NA,2562.0,3.0,2.5,NA,Pre-Foreclosure,"http://www.zillow.com/homes/for_sale/190437025_zpid/any_days/globalrelevanceex_sort/29.759534,-95.335321,29.675003,-95.502863_rect/12_zm/"
190481562,Nevada Ave,Provo,UT,84606,40.209064,-111.62477,NA,1231.0,3.0,2.0,NA,Pre-Foreclosure,"http://www.zillow.com/homes/for_sale/190481562_zpid/any_days/globalrelevanceex_sort/29.759534,-95.335321,29.675003,-95.502863_rect/12_zm/"
190481567,Texas Ave,Provo,UT,84606,40.201369,-111.618488,NA,1128.0,3.0,2.0,NA,Pre-Foreclosure,"http://www.zillow.com/homes/for_sale/190481567_zpid/any_days/globalrelevanceex_sort/29.759534,-95.335321,29.675003,-95.502863_rect/12_zm/"
205120739,S 600 E,Provo,UT,84606,40.23231,-111.648215,NA,2118.0,6.0,3.0,NA,Pre-Foreclosure (Auction),"http://www.zillow.com/homes/for_sale/205120739_zpid/any_days/globalrelevanceex_sort/29.759534,-95.335321,29.675003,-95.502863_rect/12_zm/"
190481563,California Ave,Provo,UT,84606,40.209718,-111.623891,NA,2082.0,3.0,3.5,NA,Pre-Foreclosure (Auction),"http://www.zillow.com/homes/for_sale/190481563_zpid/any_days/globalrelevanceex_sort/29.759534,-95.335321,29.675003,-95.502863_rect/12_zm/"
242018217,California Ave APT C,Provo,UT,84606,40.205633,-111.625246,NA,1078.0,3.0,1.0,NA,Pre-Foreclosure (Auction),"http://www.zillow.com/homes/for_sale/242018217_zpid/any_days/globalrelevanceex_sort/29.759534,-95.335321,29.675003,-95.502863_rect/12_zm/"
190436974,E 400 S,Provo,UT,84606,40.228728,-111.650962,NA,1053.0,2.0,2.0,NA,Pre-Foreclosure (Auction),"http://www.zillow.com/homes/for_sale/190436974_zpid/any_days/globalrelevanceex_sort/29.759534,-95.335321,29.675003,-95.502863_rect/12_zm/"
241623400,N 700 E,Provo,UT,84606,40.236183,-111.646414,NA,1528.0,4.0,2.75,NA,Pre-Foreclosure,"http://www.zillow.com/homes/for_sale/241623400_zpid/any_days/globalrelevanceex_sort/29.759534,-95.335321,29.675003,-95.502863_rect/12_zm/"
241623433,E 1060 S,Provo,UT,84606,40.219683,-111.64259,NA,1798.0,4.0,2.75,NA,Pre-Foreclosure,"http://www.zillow.com/homes/for_sale/241623433_zpid/any_days/globalrelevanceex_sort/29.759534,-95.335321,29.675003,-95.502863_rect/12_zm/"
